{"learner":{"attributes":{},"feature_names":[],"feature_types":[],"gradient_booster":{"model":{"gbtree_model_param":{"num_parallel_tree":"1","num_trees":"8"},"iteration_indptr":[0,1,2,3,4,5,6,7,8],"tree_info":[0,0,0,0,0,0,0,0],"trees":[{"base_weights":[-5.411719E-7,-1.2497698E0,1.1223538E0,-5.811946E-1,-2.2898233E-1,-1.2293634E0,1.3452206E0,-7.649113E-1,1.1955973E0,1.8398982E-1,-4.9996293E-1,-3.3065718E-1,1.4031805E0,3.7578377E-1,-1.1372299E0,5.1036054E-1,-6.336698E-2,1.5117772E0,2.4524044E-1,-5.48515E-1,5.157323E-2,4.8398295E-1,1.2238716E-1,3.6861497E-1,-4.120534E-1],"categories":[],"categories_nodes":[],"categories_segments":[],"categories_sizes":[],"default_left":[0,0,0,0,0,0,0,0,0,0,0,0,1,0,0,0,0,1,0,0,0,0,0,0,0],"id":0,"left_children":[1,3,5,-1,7,9,11,13,15,-1,-1,-1,17,-1,19,-1,-1,21,23,-1,-1,-1,-1,-1,-1],"loss_changes":[2.1151115E2,4.9629295E1,4.3292397E1,0E0,2.370278E1,6.9830074E0,1.1908173E1,1.8174374E1,6.4405537E0,0E0,0E0,0E0,8.657425E0,0E0,1.7821445E1,0E0,0E0,6.6741943E0,1.3388226E1,0E0,0E0,0E0,0E0,0E0,0E0],"parents":[2147483647,0,0,1,1,2,2,4,4,5,5,6,6,7,7,8,8,12,12,14,14,17,17,18,18],"right_children":[2,4,6,-1,8,10,12,14,16,-1,-1,-1,18,-1,20,-1,-1,22,24,-1,-1,-1,-1,-1,-1],"split_conditions":[1.7115693E-3,-1.6664539E-2,-4.0420067E-2,-5.811946E-1,3.9992604E0,5.4365957E-1,7.5625944E-1,1E0,8.068498E-3,1.8398982E-1,-4.9996293E-1,-3.3065718E-1,3.361E0,3.7578377E-1,2.2813609E-2,5.1036054E-1,-6.336698E-2,1.381482E0,-6.79528E6,-5.48515E-1,5.157323E-2,4.8398295E-1,1.2238716E-1,3.6861497E-1,-4.120534E-1],"split_indices":[15,18,18,0,9,0,9,20,18,0,0,0,27,0,5,0,0,23,16,0,0,0,0,0,0],"split_type":[0,0,0,0,0,0,0,0,0,0,0,0,0,0,0,0,0,0,0,0,0,0,0,0,0],"sum_hessian":[1.4879031E2,7.034543E1,7.844489E1,4.1497303E1,2.8848124E1,6.399584E0,7.204531E1,2.1298615E1,7.549509E0,1.1499252E0,5.2496586E0,1.2499187E0,7.0795395E1,2.9498081E0,1.8348806E1,5.3996487E0,2.1498601E0,6.444581E1,6.349587E0,1.1749236E1,6.5995708E0,5.8596188E1,5.8496194E0,4.0997334E0,2.2498536E0],"tree_param":{"num_deleted":"0","num_feature":"32","num_nodes":"25","size_leaf_vector":"1"}},{"base_weights":[-5.1628104E-3,-1.3335922E0,5.9470075E-1,3.3163047E-1,-1.4597688E0,-1.0639033E0,8.3634406E-1,8.784579E-2,-4.5678365E-1,-4.529047E-1,5.5990733E-2,-4.361091E-1,9.4428873E-1,3.5159764E-1,-3.1261677E-1,3.602263E-1,1.0926801E0,-1.1320735E-1,3.38871E-1,-9.5201574E-2,3.4140497E-1],"categories":[],"categories_nodes":[],"categories_segments":[],"categories_sizes":[],"default_left":[0,0,0,0,0,0,0,0,0,0,0,0,0,0,0,0,0,0,0,0,0],"id":1,"left_children":[1,3,5,-1,7,9,11,-1,-1,-1,13,-1,15,-1,-1,17,19,-1,-1,-1,-1],"loss_changes":[1.1338304E2,1.5235031E1,4.0178383E1,0E0,5.1284027E0,6.527396E0,2.266187E1,0E0,0E0,0E0,6.9057217E0,0E0,6.7871017E0,0E0,0E0,1.07976885E1,4.552994E0,0E0,0E0,0E0,0E0],"parents":[2147483647,0,0,1,1,2,2,4,4,5,5,6,6,10,10,12,12,15,15,16,16],"right_children":[2,4,6,-1,8,10,12,-1,-1,-1,14,-1,16,-1,-1,18,20,-1,-1,-1,-1],"split_conditions":[-2.2823077E-2,3.2875305E-1,7.606805E-1,3.3163047E-1,-8.19438E-1,-1.8295784E0,-6.613337E0,8.784579E-2,-4.5678365E-1,-4.529047E-1,-1.7091105E0,-4.361091E-1,1.7115693E-3,3.5159764E-1,-3.1261677E-1,1.9128196E-2,-4.535408E1,-1.1320735E-1,3.38871E-1,-9.5201574E-2,3.4140497E-1],"split_indices":[18,0,9,0,22,8,10,0,0,0,8,0,15,0,0,5,12,0,0,0,0],"split_type":[0,0,0,0,0,0,0,0,0,0,0,0,0,0,0,0,0,0,0,0,0],"sum_hessian":[1.402891E2,4.3261368E1,9.702773E1,1.7461826E0,4.1515186E1,1.1905734E1,8.5121994E1,1.3104174E0,4.020477E1,8.266971E0,3.6387637E0,3.2705417E0,8.1851456E1,1.7712294E0,1.8675343E0,1.7277084E1,6.457437E1,9.080728E0,8.196356E0,1.8246913E0,6.274968E1],"tree_param":{"num_deleted":"0","num_feature":"32","num_nodes":"21","size_leaf_vector":"1"}},{"base_weights":[-1.2768402E-2,-8.501818E-1,6.2105244E-1,-3.9498132E-1,-1.7410104E-1,-7.87194E-1,7.4688727E-1,-6.3926107E-1,8.345201E-1,1.59194E-1,-3.418123E-1,8.534665E-1,-2.1733643E-1,2.5464162E-1,-8.9558226E-1,3.7831023E-1,-6.646407E-2,9.630184E-1,-8.948809E-2,7.4597293E-1,-3.9585844E-1,-3.658566E-1,1.3379146E-1,-1.2671122E-1,3.0703744E-1,2.10608E-1,-4.5264706E-1,3.1754512E-1,-1.7947994E-2],"categories":[],"categories_nodes":[],"categories_segments":[],"categories_sizes":[],"default_left":[0,0,0,0,0,0,1,0,0,0,0,1,0,0,0,0,0,0,0,0,0,0,0,0,0,0,0,0,0],"id":2,"left_children":[1,3,5,-1,7,9,11,13,15,-1,-1,17,19,-1,21,-1,-1,23,25,27,-1,-1,-1,-1,-1,-1,-1,-1,-1],"loss_changes":[6.7927086E1,1.7154736E1,1.3498459E1,0E0,1.1633147E1,3.6041718E0,7.1111946E0,7.1517887E0,3.8381166E0,0E0,0E0,6.3760643E0,8.952547E0,0E0,6.967676E0,0E0,0E0,5.007042E0,9.207E0,1.2326667E0,0E0,0E0,0E0,0E0,0E0,0E0,0E0,0E0,0E0],"parents":[2147483647,0,0,1,1,2,2,4,4,5,5,6,6,7,7,8,8,11,11,12,12,14,14,17,17,18,18,19,19],"right_children":[2,4,6,-1,8,10,12,14,16,-1,-1,18,20,-1,22,-1,-1,24,26,28,-1,-1,-1,-1,-1,-1,-1,-1,-1],"split_conditions":[1.2813844E-3,-1.6664539E-2,-4.0420067E-2,-3.9498132E-1,3.9992604E0,2.763E0,2.703E0,-1.5453148E-1,8.068498E-3,1.59194E-1,-3.418123E-1,1.381482E0,-6.79528E6,2.5464162E-1,1.21154144E-1,3.7831023E-1,-6.646407E-2,-5.1321435E0,-3.7208E5,7.113024E-4,-3.9585844E-1,-3.658566E-1,1.3379146E-1,-1.2671122E-1,3.0703744E-1,2.10608E-1,-4.5264706E-1,3.1754512E-1,-1.7947994E-2],"split_indices":[15,18,18,0,9,3,27,19,18,0,0,23,16,0,19,0,0,10,17,4,0,0,0,0,0,0,0,0,0],"split_type":[0,0,0,0,0,0,0,0,0,0,0,0,0,0,0,0,0,0,0,0,0,0,0,0,0,0,0,0,0],"sum_hessian":[1.2598357E2,5.4127785E1,7.185578E1,3.1469694E1,2.265809E1,5.4629436E0,6.639284E1,1.5757285E1,6.900806E0,1.0451816E0,4.417762E0,5.9888058E1,6.5047827E0,1.975732E0,1.3781553E1,4.7773085E0,2.123498E0,5.3635445E1,6.252611E0,3.6435404E0,2.8612425E0,1.1174302E1,2.607251E0,1.9917835E0,5.164366E1,4.3385396E0,1.9140717E0,2.3994045E0,1.2441357E0],"tree_param":{"num_deleted":"0","num_feature":"32","num_nodes":"29","size_leaf_vector":"1"}},{"base_weights":[-1.8064762E-2,-1.0150337E0,3.6365432E-1,4.0391883E-1,-3.605385E-1,-7.5908554E-1,5.2302027E-1,-2.0135635E-1,2.961113E-1,-3.5856026E-1,2.0659547E-1,-3.302009E-1,6.013797E-1,3.0521083E-1,-2.3224808E-1,1.1248981E0,4.2434862E-1,4.9041007E-2,3.5277906E-1,1.8550836E-1,-6.887289E-2],"categories":[],"categories_nodes":[],"categories_segments":[],"categories_sizes":[],"default_left":[0,0,0,0,0,0,0,0,0,0,0,0,0,0,0,0,0,0,0,0,0],"id":3,"left_children":[1,3,5,7,-1,9,11,-1,-1,-1,13,-1,15,-1,-1,17,19,-1,-1,-1,-1],"loss_changes":[4.270654E1,8.717979E0,1.4923004E1,3.3969054E0,0E0,4.6686163E0,9.782501E0,0E0,0E0,0E0,4.062937E0,0E0,5.92041E0,0E0,0E0,6.3393974E-1,6.8904943E0,0E0,0E0,0E0,0E0],"parents":[2147483647,0,0,1,1,2,2,3,3,5,5,6,6,10,10,12,12,15,15,16,16],"right_children":[2,4,6,8,-1,10,12,-1,-1,-1,14,-1,16,-1,-1,18,20,-1,-1,-1,-1],"split_conditions":[-2.2823077E-2,5.414318E-1,7.606805E-1,-8.3504873E-4,-3.605385E-1,-1.8295784E0,-6.613337E0,-2.0135635E-1,2.961113E-1,-3.5856026E-1,-1.7091105E0,-3.302009E-1,-2.9740065E-2,3.0521083E-1,-2.3224808E-1,-4.3988964E-3,1.0031453E1,4.9041007E-2,3.5277906E-1,1.8550836E-1,-6.887289E-2],"split_indices":[18,0,9,15,0,8,10,0,0,0,8,0,19,0,0,15,12,0,0,0,0],"split_type":[0,0,0,0,0,0,0,0,0,0,0,0,0,0,0,0,0,0,0,0,0],"sum_hessian":[1.1024971E2,3.0065617E1,8.01841E1,3.3617053E0,2.670391E1,9.499135E0,7.068496E1,1.129041E0,2.2326643E0,6.38011E0,3.119025E0,2.6535797E0,6.803138E1,1.6870432E0,1.4319818E0,1.5838712E1,5.219267E1,1.0101972E0,1.4828515E1,4.0292656E1,1.1900016E1],"tree_param":{"num_deleted":"0","num_feature":"32","num_nodes":"21","size_leaf_vector":"1"}},{"base_weights":[-2.366436E-2,-9.3336886E-1,2.8248608E-1,3.4378138E-1,-3.3582523E-1,-4.2647886E-1,4.6930102E-1,-5.8918104E-2,2.3481081E-1,4.55426E-1,-1.119227E0,-3.326083E-1,5.8674437E-1,-2.1390001E-1,8.442108E-1,1.1495715E-1,-4.1116756E-1,-7.096852E-1,6.4771825E-1,7.869805E-2,7.689029E-1,3.115526E-1,-1.0797594E-2,-1.8288149E-1,3.107518E-1,2.2495975E-1,-1.9327687E-1,2.6217678E-1,-3.315664E-2],"categories":[],"categories_nodes":[],"categories_segments":[],"categories_sizes":[],"default_left":[0,0,0,0,0,0,0,0,0,0,0,0,0,0,0,0,0,0,0,0,1,0,0,0,0,0,0,0,0],"id":4,