{"learner":{"attributes":{},"feature_names":[],"feature_types":[],"gradient_booster":{"model":{"gbtree_model_param":{"num_parallel_tree":"1","num_trees":"8"},"iteration_indptr":[0,1,2,3,4,5,6,7,8],"tree_info":[0,0,0,0,0,0,0,0],"trees":[{"base_weights":[-1.7517421E-7,-1.7726262E0,7.041152E-1,-1.9388185E-1,1.2939705E-1,-8.3100635E-1,1.0506052E0,-1.8144767E-1,3.953511E-1,1.2749101E0,-1.5024196E-1,9.069588E-1,-1.264621E-1,-4.5648098E-1,1.3450725E0,-1.5196787E-1,3.666748E-1,1.4888768E-1,-3.4392276E-1,6.1150577E-2,-1.19235516E-1,1.4083463E0,-3.4392276E-1,-4.6867877E-1,1.0877831E0,-1.1040306E-1,6.1150577E-2,3.1958153E-3,1.4819507E-1,-1.1040306E-1,6.1150577E-2,-1.457331E-1,7.968158E-2,1.3916413E-1,1.211743E-2],"categories":[],"categories_nodes":[],"categories_segments":[],"categories_sizes":[],"default_left":[0,0,0,0,0,0,0,0,0,0,0,0,0,0,1,0,0,0,0,0,0,0,0,0,1,0,0,0,0,0,0,0,0,0,0],"id":0,"left_children":[1,3,5,-1,-1,7,9,-1,11,13,15,17,-1,19,21,-1,23,-1,25,-1,-1,27,29,31,33,-1,-1,-1,-1,-1,-1,-1,-1,-1,-1],"loss_changes":[1.878989E2,2.4320724E1,5.8183407E1,0E0,0E0,2.5320555E1,2.3988174E1,0E0,9.554271E0,9.669884E0,1.1033522E1,6.4443183E0,0E0,3.5975962E0,8.167938E0,0E0,7.4670553E0,0E0,3.1442275E0,0E0,0E0,6.993271E0,3.1442275E0,8.730327E0,1.7404318E0,0E0,0E0,0E0,0E0,0E0,0E0,0E0,0E0,0E0,0E0],"parents":[2147483647,0,0,1,1,2,2,5,5,6,6,8,8,9,9,10,10,11,11,13,13,14,14,16,16,18,18,21,21,22,22,23,23,24,24],"right_children":[2,4,6,-1,-1,8,10,-1,12,14,16,18,-1,20,22,-1,24,-1,26,-1,-1,28,30,32,34,-1,-1,-1,-1,-1,-1,-1,-1,-1,-1],"split_conditions":[-3.2631762E-2,2.446476E-2,-2.4740736E-3,-1.9388185E-1,1.2939705E-1,-1.3757087E0,7.365977E-2,-1.8144767E-1,2.2797968E6,3.0732134E-1,2.0548553E0,-5.409444E-3,-1.264621E-1,2.1529999E0,7.118346E-1,-1.5196787E-1,8.431758E-3,1.4888768E-1,-5.880601E-1,6.1150577E-2,-1.19235516E-1,5.3106755E-1,1.2853E1,3.0526504E-2,1.455187E0,-1.1040306E-1,6.1150577E-2,3.1958153E-3,1.4819507E-1,-1.1040306E-1,6.1150577E-2,-1.457331E-1,7.968158E-2,1.3916413E-1,1.211743E-2],"split_indices":[18,15,15,0,0,10,18,0,17,25,9,6,0,3,0,0,15,0,12,0,0,23,1,5,23,0,0,0,0,0,0,0,0,0,0],"split_type":[0,0,0,0,0,0,0,0,0,0,0,0,0,0,0,0,0,0,0,0,0,0,0,0,0,0,0,0,0,0,0,0,0,0,0],"sum_hessian":[1.4854393E2,4.1798294E1,1.0674564E2,3.9998367E1,1.7999265E0,1.9399208E1,8.7346436E1,1.0499571E1,8.899636E0,7.3547E1,1.3799437E1,7.1497083E0,1.7499286E0,2.6498919E0,7.08971E1,3.2498672E0,1.0549569E1,4.749806E0,2.399902E0,1.149953E0,1.4999387E0,6.84972E1,2.399902E0,5.0497937E0,5.4997754E0,1.249949E0,1.149953E0,3.549855E0,6.494735E1,1.249949E0,1.149953E0,2.7498877E0,2.299906E0,3.8498428E0,1.6499326E0],"tree_param":{"num_deleted":"0","num_feature":"32","num_nodes":"35","size_leaf_vector":"1"}},{"base_weights":[-2.1461188E-3,-1.6136987E0,6.345323E-1,-1.7685974E-1,1.2134834E-1,-7.186611E-1,9.706237E-1,-1.4752605E0,4.524666E-1,1.1010662E0,-1.0016245E0,-1.6933201E-1,-2.1109091E-2,-7.180687E-1,1.2360946E0,-1.2832417E-1,1.1692843E0,6.0011055E-2,-1.5164655E-1,-1.3891731E-1,6.2828176E-2,2.8209612E-2,1.464648E-1,-1.765389E-1,1.243522E0,-1.3507456E-1,1.249841E-1,1.3268223E-1,-1.9014372E-2],"categories":[],"categories_nodes":[],"categories_segments":[],"categories_sizes":[],"default_left":[0,0,0,0,0,0,0,0,0,0,0,0,0,0,0,0,0,0,0,0,0,0,0,0,0,0,0,0,0],"id":1,"left_children":[1,3,5,-1,-1,7,9,11,13,15,17,-1,-1,19,21,-1,23,-1,-1,-1,-1,-1,-1,25,27,-1,-1,-1,-1],"loss_changes":[1.5351312E2,2.0701027E1,4.9474155E1,0E0,0E0,2.008347E1,2.3314339E1,3.3769379E0,9.478236E0,1.4749733E1,5.7586327E0,0E0,0E0,4.8376665E0,8.901262E-1,0E0,8.183907E0,0E0,0E0,0E0,0E0,0E0,0E0,1.0134558E1,9.289345E0,0E0,0E0,0E0,0E0],"parents":[2147483647,0,0,1,1,2,2,5,5,6,6,7,7,8,8,9,9,10,10,13,13,14,14,16,16,23,23,24,24],"right_children":[2,4,6,-1,-1,8,10,12,14,16,18,-1,-1,20,22,-1,24,-1,-1,-1,-1,-1,-1,26,28,-1,-1,-1,-1],"split_conditions":[-3.2631762E-2,2.446476E-2,-2.3576725E0,-1.7685974E-1,1.2134834E-1,5.074434E-4,1.3345008E-1,1.9330187E-3,-6.4681375E-1,-1.9797018E-1,-8.2891655E-1,-1.6933201E-1,-2.1109091E-2,-4.640679E-3,-2.5085732E-1,-1.2832417E-1,5.3106755E-1,6.0011055E-2,-1.5164655E-1,-1.3891731E-1,6.2828176E-2,2.8209612E-2,1.464648E-1,5.213478E1,-1.6715009E-3,-1.3507456E-1,1.249841E-1,1.3268223E-1,-1.9014372E-2],"split_indices":[18,15,10,0,0,15,18,4,21,19,7,0,0,6,7,0,23,0,0,0,0,0,0,11,6,0,0,0,0],"split_type":[0,0,0,0,0,0,0,0,0,0,0,0,0,0,0,0,0,0,0,0,0,0,0,0,0,0,0,0,0],"sum_hessian":[1.4761905E2,4.1369785E1,1.0624926E2,3.957589E1,1.793895E0,2.0912338E1,8.533692E1,1.2546842E1,8.365498E0,8.0457275E1,4.879647E0,1.041147E1,2.135372E0,3.388149E0,4.977348E0,1.7425356E0,7.871474E1,1.1466507E0,3.7329957E0,2.2398586E0,1.1482904E0,1.3937988E0,3.5835493E0,4.042999E0,7.467174E1,2.2466033E0,1.7963955E0,7.064177E1,4.029972E0],"tree_param":{"num_deleted":"0","num_feature":"32","num_nodes":"29","size_leaf_vector":"1"}},{"base_weights":[-4.0931716E-3,-1.4918163E0,5.757838E-1,-1.6389513E-1,1.1437719E-1,-7.3028505E-1,8.689391E-1,-1.5662423E-1,3.0163607E-1,1.0638496E0,-1.6845578E-1,7.700046E-1,-1.1876913E-1,-2.2751333E-1,1.1416492E0,8.5206914E-1,-7.1408457E-1,-3.597371E-1,1.3054363E-1,-1.1957061E-1,6.51196E-2,1.2008128E0,-3.671292E-1,-7.023677E-3,1.3420503E-1,-1.566944E-1,7.4114275E-1,5.2967507E-2,-1.0436901E-1,4.3949825E-3,1.2645526E-1,-1.0910269E-1,5.661663E-2,4.5923586E-3,1.13428585E-1],"categories":[],"categories_nodes":[],"categories_segments":[],"categories_sizes":[],"default_left":[0,0,0,0,0,0,0,0,0,0,0,0,0,0,1,0,0,0,0,0,0,0,0,0,0,0,0,0,0,0,0,0,0,0,0],"id":2,"left_children":[1,3,5,-1,-1,7,9,-1,11,13,15,17,-1,19,21,23,25,27,-1,-1,-1,29,31,-1,-1,-1,33,-1,-1,-1,-1,-1,-1,-1,-1],"loss_changes":[1.2716215E2,1.7905365E1,4.1245247E1,0E0,0E0,1.7713558E1,1.7786644E1,0E0,7.7389154E0,7.6383896E0,8.758434E0,5.338682E0,0E0,5.0384603E0,6.6390457E0,2.6046853E0,1.3673328E1,2.6041925E0,0E0,0E0,0E0,4.888588E0,2.9052525E0,0E0,0E0,0E0,1.1516252E0,0E0,0E0,0E0,0E0,0E0,0E0,0E0,0E0],"parents":[2147483647,0,0,1,1,2,2,5,5,6,6,8,8,9,9,10,10,11,11,13,13,14,14,15,15,16,16,17,17,21,21,22,22,26,26],"right_children":[2,4,6,-1,-1,8,10,-1,12,14,16,18,-1,20,22,24,26,28,-1,-1,-1,30,32,-1,-1,-1,34,-1,-1,-1,-1,-1,-1,-1,-1],"split_conditions":[-3.2631762E-2,2.446476E-2,-2.4740736E-3,-1.6389513E-1,1.1437719E-1,-1.3757087E0,7.365977E-2,-1.5662423E-1,2.2797968E6,3.9668015E-1,-8.2891655E-1,1.4184551E0,-1.1876913E-1,-6.47755E6,7.118346E-1,5.9761543E0,1.7884958E1,-1.821322E-2,1.3054363E-1,-1.1957061E-1,6.51196E-2,5.3106755E-1,-7.45217E6,-7.023677E-3,1.3420503E-1,-1.566944E-1,9.451982E-2,5.2967507E-2,-1.0436901E-1,4.3949825E-3,1.2645526E-1,-1.0910269E-1,5.661663E-2,4.5923586E-3,1.13428585E-1],"split_indices":[18,15,15,0,0,10,18,0,17,25,7,23,0,16,0,10,10,4,0,0,0,23,16,0,0,0,18,0,0,0,0,0,0,0,0],"split_type":[0,0,0,0,0,0,0,0,0,0,0,0,0,0,0,0,0,0,0,0,0,0,0,0,0,0,0,0,0,0,0,0,0,0,0],"sum_hessian":[1.4540515E2,4.0339115E1,1.0506604E2,3.8564358E1,1.7747583E0,1.898642E1,8.607962E1,1.0203109E1,8.78331E0,7.244316E1,1.36364565E1,7.0493827E0,1.7339275E0,4.0070763E0,6.843609E1,4.5551105E0,9.0813465E0,2.3722203E0,4.6771626E0,1.7348286E0,2.2722476E0,6.6050186E1,2.3859003E0,1.8775663E0,2.677544E0,5.677303E0,3.4040434E0,1.129277E0,1.2429433E0,3.537367E0,6.251282E1,1.2485076E0,1.1373925E0,1.6330433E0,1.7710001E0],"tree_param":{"num_deleted":"0","num_feature":"32","num_nodes":"35","size_leaf_vector":"1"}},{"base_weights":[-5.1273564E-3,-1.3953038E0,5.272518E-1,-1.5370582E-1,1.0826907E-1,-6.3883734E-1,8.151569E-1,-1.3033797E0,3.738671E-1,9.2671484E-1,-8.671827E-1,-2.2885779E-1,-1.5142222E-1,8.270113E-1,-1.18379675E-1,-1.1764171E-1,9.885142E-1,-1.3335524E-1,5.5661786E-2,-8.985172E-2,5.7124555E-2,1.3665223E-1,-2.7624387E-1,1.0390024E0,-4.3726736E-1,6.3715205E-2,-1.0300779E-1,-1.6828164E-2,1.108915E-1,-1.1722802E-1,5.3803135E-2],"categories":[],"categories_nodes":[],"categories_segments":[],"categories_sizes":[],"default_left":[0,0,0,0,0,0,0,0,0,0,0,0,0,0,0,0,1,0,0,0,0,0,0,0,0,0,0,0,0,0,0],"id":3,"left_children":[1,3,5,-1,-1,7,9,11,13,15,17,19,-1,21,-1,-1,23,-1,-1,-1,-1,-1,25,27,29,-1,-1,-1,-1,-1,-1],