{"learner":{"attributes":{},"feature_names":[],"feature_types":[],"gradient_booster":{"model":{"gbtree_model_param":{"num_parallel_tree":"1","num_trees":"7"},"iteration_indptr":[0,1,2,3,4,5,6,7],"tree_info":[0,0,0,0,0,0,0],"trees":[{"base_weights":[-3.3143547E-7,-1.6569146E0,6.416481E-1,9.5864457E-1,-1.799998E0,1.083802E0,-4.968592E-1,2.5622956E-3,4.183557E-1,-4.6468633E-1,-1.8733835E0,4.639016E-1,1.302852E0,2.8629001E-2,-1.1863925E0,-4.255366E-1,2.7545366E-1,6.9041036E-2,-5.743142E-1,-2.0543866E-1,2.5703436E-1,4.023815E-1,-3.3097023E-1,1.8737543E-1,-1.8405306E-1,-4.7744504E-1,1.3396809E-1],"categories":[],"categories_nodes":[],"categories_segments":[],"categories_sizes":[],"default_left":[0,0,0,0,0,0,0,0,0,0,0,0,0,0,0,0,0,0,0,0,0,0,0,0,0,0,0],"id":0,"left_children":[1,3,5,7,9,11,13,-1,-1,15,17,19,21,23,25,-1,-1,-1,-1,-1,-1,-1,-1,-1,-1,-1,-1],"loss_changes":[3.0085812E2,3.1289307E1,1.0322599E2,1.9551082E0,6.5030212E0,1.9389557E1,2.0958153E1,0E0,0E0,8.226514E0,6.5631714E0,1.8637814E1,1.1485931E1,1.3298225E1,1.7247242E1,0E0,0E0,0E0,0E0,0E0,0E0,0E0,0E0,0E0,0E0,0E0,0E0],"parents":[2147483647,0,0,1,1,2,2,3,3,4,4,5,5,6,6,9,9,10,10,11,11,12,12,13,13,14,14],"right_children":[2,4,6,8,10,12,14,-1,-1,16,18,20,22,24,26,-1,-1,-1,-1,-1,-1,-1,-1,-1,-1,-1,-1],"split_conditions":[-3.37E-2,2.025E0,-1.3102725E-4,1.7149999E0,-1.3415312E1,6.8750726E-3,-9.07438E0,2.5622956E-3,4.183557E-1,6.2724104E0,3.663E0,-6.676288E-3,1.2565351E1,6.4430153E-1,7.578156E1,-4.255366E-1,2.7545366E-1,6.9041036E-2,-5.743142E-1,-2.0543866E-1,2.5703436E-1,4.023815E-1,-3.3097023E-1,1.8737543E-1,-1.8405306E-1,-4.7744504E-1,1.3396809E-1],"split_indices":[13,2,4,2,10,5,12,0,0,12,1,6,10,10,12,0,0,0,0,0,0,0,0,0,0,0,0],"split_type":[0,0,0,0,0,0,0,0,0,0,0,0,0,0,0,0,0,0,0,0,0,0,0,0,0,0,0],"sum_hessian":[2.8098575E2,7.799605E1,2.0298972E2,3.74981E0,7.424624E1,1.4624258E2,5.6747124E1,1.499924E0,2.249886E0,4.2497845E0,6.999645E1,3.8998024E1,1.0724456E2,3.274834E1,2.3998783E1,2.4998734E0,1.7499113E0,1.2499366E0,6.874651E1,9.749506E0,2.9248518E1,1.0599463E2,1.2499367E0,1.6999138E1,1.5749202E1,1.9249025E1,4.749759E0],"tree_param":{"num_deleted":"0","num_feature":"29","num_nodes":"27","size_leaf_vector":"1"}},{"base_weights":[-4.591109E-3,4.5550063E-1,-1.3938063E0,9.06301E-1,-2.0694274E-1,-1.4974738E0,2.7395323E-1,-3.6783054E-1,9.8194665E-1,-4.861317E-1,7.8839755E-1,7.5698316E-2,-1.5352634E0,3.587763E-1,-2.8756893E-1,2.7006382E-1,-3.423841E-1,-4.138674E-1,3.0732828E-1,-8.042308E-2,-4.2138973E-1,4.0778693E-2,3.0706173E-1,-4.7285348E-1,-4.792107E-2],"categories":[],"categories_nodes":[],"categories_segments":[],"categories_sizes":[],"default_left":[0,0,0,0,0,0,0,0,0,0,0,0,1,0,0,0,0,0,0,0,0,0,0,0,0],"id":1,"left_children":[1,3,5,7,9,11,13,15,17,19,21,-1,23,-1,-1,-1,-1,-1,-1,-1,-1,-1,-1,-1,-1],"loss_changes":[1.7336769E2,6.1038E1,1.2077255E1,1.2065689E1,2.3538994E1,4.598633E0,6.5945463E0,8.415754E0,1.2940353E1,1.2780672E1,2.7198296E0,0E0,3.2646637E0,0E0,0E0,0E0,0E0,0E0,0E0,0E0,0E0,0E0,0E0,0E0,0E0],"parents":[2147483647,0,0,1,1,2,2,3,3,4,4,5,5,6,6,7,7,8,8,9,9,10,10,12,12],"right_children":[2,4,6,8,10,12,14,16,18,20,22,-1,24,-1,-1,-1,-1,-1,-1,-1,-1,-1,-1,-1,-1],"split_conditions":[-1.0424093E-3,-2.9182879E-3,8.5627556E1,-1.0216986E-2,-3.8969803E-3,-1.1306286E0,7.327E0,-1.5263715E0,-1.695949E7,-5.077861E-1,2.47E-1,7.5698316E-2,8.721825E-1,3.587763E-1,-2.8756893E-1,2.7006382E-1,-3.423841E-1,-4.138674E-1,3.0732828E-1,-8.042308E-2,-4.2138973E-1,4.0778693E-2,3.0706173E-1,-4.7285348E-1,-4.792107E-2],"split_indices":[17,4,12,6,6,18,1,10,15,8,13,0,0,0,0,0,0,0,0,0,0,0,0,0,0],"split_type":[0,0,0,0,0,0,0,0,0,0,0,0,0,0,0,0,0,0,0,0,0,0,0,0,0],"sum_hessian":[2.6924698E2,2.0276552E2,6.648144E1,1.2043797E2,8.232755E1,6.2686943E1,3.7944975E0,6.5332413E0,1.1390473E2,6.4693016E1,1.7634539E1,1.2051836E0,6.148176E1,2.187705E0,1.6067927E0,2.4131217E0,4.12012E0,1.4566209E0,1.1244811E2,5.3325294E1,1.136772E1,5.0897155E0,1.2544823E1,5.9564163E1,1.9175959E0],"tree_param":{"num_deleted":"0","num_feature":"29","num_nodes":"25","size_leaf_vector":"1"}},{"base_weights":[-1.0476727E-2,3.879545E-1,-1.0497999E0,6.992324E-1,-6.3738264E-2,4.2421326E-1,-1.292082E0,9.6295506E-1,3.1916478E-1,2.4286798E-1,-6.3766456E-1,-3.3331066E-1,9.715342E-1,-4.188242E-1,-3.738072E-1,1.5957387E-2,3.495131E-1,1.9210583E-1,-7.274157E-2,2.07936E-1,-1.1311965E-1,-3.570409E-1,1.807647E-1,4.138542E-1,-1.0172408E-1,2.3525769E-1,-3.25778E-1],"categories":[],"categories_nodes":[],"categories_segments":[],"categories_sizes":[],"default_left":[0,0,0,0,0,0,0,0,0,0,0,0,0,0,0,0,0,0,0,0,0,0,0,0,0,0,0],"id":2,"left_children":[1,3,5,7,9,11,13,15,17,19,21,-1,23,-1,25,-1,-1,-1,-1,-1,-1,-1,-1,-1,-1,-1,-1],"loss_changes":[1.0409563E2,2.559697E1,2.5425407E1,1.04851265E1,1.3363354E1,9.9748535E0,5.2150726E0,1.1533798E1,8.3817425E0,1.411961E1,1.8814552E1,0E0,4.9259424E0,0E0,7.017415E0,0E0,0E0,0E0,0E0,0E0,0E0,0E0,0E0,0E0,0E0,0E0,0E0],"parents":[2147483647,0,0,1,1,2,2,3,3,4,4,5,5,6,6,7,7,8,8,9,9,10,10,12,12,14,14],"right_children":[2,4,6,8,10,12,14,16,18,20,22,-1,24,-1,26,-1,-1,-1,-1,-1,-1,-1,-1,-1,-1,-1,-1],"split_conditions":[-7.979678E-3,-2.9182879E-3,5.994E0,-1.5089602E0,2.4264858E0,9.592026E-3,1.005534E7,-5.684876E0,1.6871E5,9.1796356E-1,3.3950892E-1,-3.3331066E-1,-3.497842E-1,-4.188242E-1,-7.6495495E0,1.5957387E-2,3.495131E-1,1.9210583E-1,-7.274157E-2,2.07936E-1,-1.1311965E-1,-3.570409E-1,1.807647E-1,4.138542E-1,-1.0172408E-1,2.3525769E-1,-3.25778E-1],"split_indices":[17,4,1,8,12,5,15,8,15,10,18,0,7,0,10,0,0,0,0,0,0,0,0,0,0,0,0],"split_type":[0,0,0,0,0,0,0,0,0,0,0,0,0,0,0,0,0,0,0,0,0,0,0,0,0,0,0],"sum_hessian":[2.493952E2,1.8073572E2,6.865948E1,1.0667445E2,7.4061264E1,9.586365E0,5.9073112E1,6.2070858E1,4.4603596E1,4.86487E1,2.5412563E1,2.248714E0,7.337651E0,5.259605E1,6.4770637E0,1.1511506E1,5.055935E1,2.828682E1,1.6316778E1,2.8112669E1,2.0536032E1,1.7608826E1,7.8037376E0,5.5556636E0,1.7819872E0,2.427851E0,4.0492125E0],"tree_param":{"num_deleted":"0","num_feature":"29","num_nodes":"27","size_leaf_vector":"1"}},{"base_weights":[-1.3190679E-2,2.8557476E-1,-9.6682054E-1,-2.8650299E-2,6.5638953E-1,3.4814584E-1,-1.1814457E0,-1.4027332E-1,1.0381835E0,7.1384436E-1,-7.5917345E-1,3.1109092E-1,-2.703331E-1,8.8748485E-2,-1.2214451E0,7.0909965E-3,-3.4610596E-1,4.1246602E-1,-1.1123727E-1,2.274865E-1,-2.7475104E-1,-5.7004696E-1,2.3683704E-1,4.5210026E-2,-3.7845677E-1],"categories":[],"categories_nodes":[],"categories_segments":[],"categories_sizes":[],"default_left":[0,0,0,1,1,0,0,0,0,0,0,0,0,0,0,0,0,0,0,0,0,0,0,0,0],"id":3,"left_children":[1,3,5,7,9,11,13,15,17,19,21,-1,-1,-1,23,-1,-1,-1,-1,-1,-1,-1,-1,-1,-1],"loss_changes":[6.542117E1,2.0395279E1,1.5869816E1,1.1532302E1,7.0693054E0,8.212667E0,3.157219E0,1.4552364E1,4.8629827E0,6.318035E0,7.8876953E0,0E0,0E0,0E0,2.73423E0,0E0,0E0,0E0,0E0,0E0,0E0,0E0,0E0,0E0,0E0],"parents":[2147483647,0,0,1,1,2,2,3,3,4,4,5,5,6,6,7,7,8,8,9,9,10,10,14,14],"right_children":[2,4,6,8,10,12,14,16,18,20,22,-1,-1,-1,24,-1,-1,-1,-1,-1,-1,-1,-1,-1,-1],"split_conditions":[-4.864577E-3,8.432417E-3,2.6948342E-1,2.5673294E0,6.887797E-1,9.90367E-3,-1.6447037E1,-5.077861E-1,1.6035362E-1,1.3664337E-3,1.366E1,3.1109092E-1,-2.703331E-1,8.8748485E-2,3.663E0,7.0909965E-3,-3.4610596E-1,4.1246602E-1,-1.1123727E-1,2.274865E-1,-2.7475104E-1,-5.7004696E-1,2.3683704E-1,4.5210026E-2,-3.7845677E-1],"split_indices":[17,5,9,20,22,17,10,8,19,4,3,0,0,0,1,0,0,0,0,0,0,0,0,0,0],"split_type":[0,0,0,0,0,0,0,0,0,0,0,0,0,0,0,0,0,0,0,0,0,0,0,0,0],"sum_hessian":[2.2765012E2,1.7387642E2,5.37737E1,9.461948E1,7.925694E1,7.457984E0,4.6315716E1,8.64434E1,8.176075E0,7.6641914E1,2.6150231E0,4.916835E0,2.5411494E0,1.0523928E0,4.5263325E1,7.524923E1,1.1194172E1,6.6186147E0,1.5574604E0,7.512776E1,1.514151E0,1.3749849E0,1.2400382E0,1.2061985E0,4.4057125E1],"tree_param":{"num_deleted":"0","num_feature":"29","num_nodes":"25",